{
  "vehicle_count": {
    "mean": 294.819125,
    "std": 174.1028536791812
  },
  "queue_length": {
    "mean": 525.0559724999999,
    "std": 280.9053795607236
  },
  "traffic_density": {
    "mean": 185.7050025,
    "std": 110.46149733459168
  },
  "avg_speed": {
    "mean": 26.818615,
    "std": 15.092644633455533
  },
  "waiting_time": {
    "mean": 341.22817625000005,
    "std": 175.45028135995278
  },
  "green_signal_ratio": {
    "mean": 0.5228396625,
    "std": 0.20154600201476688
  },
  "monsoon_active": {
    "mean": 0.286875,
    "std": 0.4523027021530933
  },
  "peak_hour": {
    "mean": 0.206125,
    "std": 0.4045213027456006
  }
}